asdfasd;asdfasdf;DISEÑADOR DE EVENTOS;fdsaf
dasf;asdfasf;DISEÑADOR DE EVENTOS;asdfasdf
fsdasf;asdfa;DISEÑADOR DE EVENTOS;dasfds
fgsfdg;sfdgsd;DISEÑADOR DE EVENTOS;dfsg
dfasdf;adsfas;DISEÑADOR DE EVENTOS;dasf
dfasdf;asdfas;DISEÑADOR DE EVENTOS;adfs
asdfasdfsdaf;asdf;DISEÑADOR DE EVENTOS;dasfdas
asdfasdf;adfas;DISEÑADOR DE EVENTOS;dfdasf
sdfgsdfgfs;gfdg;DISEÑADOR DE EVENTOS;sfdg
fdasf;afda;DISEÑADOR DE EVENTOS;dasf
dfasdf;sgadsf;DISEÑADOR DE EVENTOS;asedfsdfas
asdfa;afsd;DISEÑADOR DE EVENTOS;sdfasd
fdasfsd;asfdfas;DISEÑADOR DE EVENTOS;afas
ad;ds;DISEÑADOR DE EVENTOS;s
fasdfasdf;asdfadfas;DISEÑADOR DE EVENTOS;asdf
